Id,First_Name,Last_Name,Email,Salary
8941f167-9598-4c0b-b2e0-3cdd4613cf46,tSOvJ,GNIwy,tsovj.gniwy@mail.com,68923.71
83c9ef17-b44a-43b8-bca9-7890e665ac3b,KtqwH,uIzDv,ktqwh.uizdv@mail.com,62045.24
7adf96ae-a32b-49b6-ba31-dac3ef3be4b1,ffbPK,mjMvh,ffbpk.mjmvh@mail.com,76598.68
585d58e5-88a5-4b07-83ac-952b863d579a,SNOSg,obSYr,snosg.obsyr@mail.com,89870.60
5a54301d-15db-487c-92df-7562ebfabb14,dPgDv,KXmLB,dpgdv.kxmlb@mail.com,40589.61
618fa905-e933-412b-8b58-9a171340780f,erOkQ,sMEYO,erokq.smeyo@mail.com,52701.33
1f136405-da45-4a22-b692-95fa73ebf21f,TVRbv,NkGhR,tvrbv.nkghr@mail.com,106125.34
cd4a9a3c-3f63-490b-8895-2e8c1acbaf7c,BfamG,INrkN,bfamg.inrkn@mail.com,64776.33
054d19ea-be81-443c-95f5-a3113815161b,ZgYhh,UgKto,zgyhh.ugkto@mail.com,111498.54
0a624c98-2e13-4205-8cfe-a7b610e14766,puQkQ,VoQRy,puqkq.voqry@mail.com,94292.08
491f35fc-564f-42a7-b558-75171528dac3,ppJgT,cCamz,ppjgt.ccamz@mail.com,44953.23
e5b51891-8e9f-4e00-b53b-3c9578632969,jgZIQ,RfnuX,jgziq.rfnux@mail.com,115346.84
4597cb8f-5f81-4710-968f-0a244093f7db,Ckclq,tUzcj,ckclq.tuzcj@mail.com,67934.44
a01bb695-828c-454a-92e7-ca18b081bdf9,zDEZV,NYSDn,zdezv.nysdn@mail.com,100383.59
4cfab655-5f2c-4f0a-988a-4999369ec036,zmjuW,ctFVu,zmjuw.ctfvu@mail.com,60296.04
6b06b93e-0ddc-4112-9bc4-ef067b3a3be1,qsVOe,kMNou,qsvoe.kmnou@mail.com,88901.62
24a5dd15-bff1-4b7d-867a-8b4ed6d5ca3b,mncJS,DZBXP,mncjs.dzbxp@mail.com,94750.79
36c57915-7352-4b90-83c9-47b74fee4e2d,vEWwM,Seirj,vewwm.seirj@mail.com,118531.33
7b0ffeaa-c3df-46ca-99d6-5423c7b9715e,PjlWG,wBDag,pjlwg.wbdag@mail.com,107911.51
9efcb2b3-5ee0-4bbe-947c-7cbc28e55d8d,YTbqk,UZgVN,ytbqk.uzgvn@mail.com,107329.82
62c99c9e-4da3-4ebc-a914-15b8be985819,PKeoE,UIgNt,pkeoe.uignt@mail.com,57289.01
3114aab4-9dc0-4e6d-b781-e360cdff7ac8,kOrPA,oahxU,korpa.oahxu@mail.com,62191.76
b7821087-b471-4782-832f-71942a782471,RiRac,gKghR,rirac.gkghr@mail.com,59977.79
be0dd6b7-1e44-4f18-b39a-2efaf47777d2,bZjnN,fwfTF,bzjnn.fwftf@mail.com,76513.96
8d66cb94-aed4-43e0-8acd-c8cfef58d40b,tzREK,cWNCp,tzrek.cwncp@mail.com,55129.30
ddfe31c4-20cf-4581-a452-dbc3d3011531,hclOY,yEYbE,hcloy.yeybe@mail.com,61301.71
994272f2-7a57-4b96-b40a-318fa4c29f6d,gYxYl,vKHDD,gyxyl.vkhdd@mail.com,50365.01
674f477e-0667-4224-a7f2-5b7d6afe0aee,QyMri,gOKpn,qymri.gokpn@mail.com,117240.20
5510b046-b482-4737-83c9-3bcc77b14154,ljNaO,kyvoC,ljnao.kyvoc@mail.com,112996.21
581c6057-ec55-4504-975d-31a00868de1b,IWyfR,CjlDj,iwyfr.cjldj@mail.com,94839.36
b9e283f8-3dc2-4f45-9889-72d62e7869ac,FpILT,sGqOn,fpilt.sgqon@mail.com,72267.20
fe6b2658-e7a4-464a-abc6-e548d0f6b934,wYNwd,oPlOp,wynwd.oplop@mail.com,40297.64
74134792-801d-43ee-80ad-00da6eaa406d,rUwlk,SFcfd,ruwlk.sfcfd@mail.com,55706.95
6db41c91-4772-42c4-813c-cd750a0f8972,rzZxQ,ZyDtK,rzzxq.zydtk@mail.com,76716.54
b682abb5-eda3-4bce-8653-9b47bd20a02e,hNPdx,CSudv,hnpdx.csudv@mail.com,73946.74
251ab689-4843-429f-8ed5-31a272dcf4de,NjxKY,DwrTH,njxky.dwrth@mail.com,95311.26
fda6d26c-6a88-4053-8bd7-ffbc8cfc8729,ujvVH,INDPn,ujvvh.indpn@mail.com,117111.80
440e9e33-4dc3-42cf-ae9c-013e3ab54dc4,qLBpO,JTsQp,qlbpo.jtsqp@mail.com,62055.12
d9f73774-454d-4b75-b664-7ce1a4820c5b,WZfIQ,eXCtN,wzfiq.exctn@mail.com,67145.32
9676866b-833b-40d8-8fbd-0c66ffb06c64,WIRhi,ERaVg,wirhi.eravg@mail.com,40222.55
0b39d2e4-42f0-4eb5-a19b-2638de2fb962,fCjYZ,welNi,fcjyz.welni@mail.com,73995.26
59eb1852-a799-49d1-87a4-d4e00c81518c,UFLJC,PnjpN,ufljc.pnjpn@mail.com,118283.05
6081d8e7-fd8f-4167-beae-5314b8792b81,TauBp,efpyw,taubp.efpyw@mail.com,50094.59
323d9c67-0d8c-41f3-9332-b64783be9136,ggvhJ,nIVGs,ggvhj.nivgs@mail.com,95443.05
10da90e9-ba01-4cd0-8900-672dea64924f,UrZqP,Awizo,urzqp.awizo@mail.com,80118.49
442ba288-40ce-4c93-8e8c-46a4816910f3,gKjGZ,jNizJ,gkjgz.jnizj@mail.com,69025.14
dd84b888-9001-4d5a-8383-a50d2ce614bb,muisu,gmRdR,muisu.gmrdr@mail.com,51567.03
4aed4f88-fd3a-4f57-876e-8dfd16f3c8de,puXiO,ipaJh,puxio.ipajh@mail.com,104653.25
9999fb7b-a381-4111-98a8-c3d92dcf8f6d,XwxKV,HxKGw,xwxkv.hxkgw@mail.com,61810.08
cf522e79-4c41-4f23-bf9b-17a916315e5d,cItZd,hXwvU,citzd.hxwvu@mail.com,88676.63
291c6e87-e478-4f5a-aa85-ff050c3b550f,sXqOJ,bWDWf,sxqoj.bwdwf@mail.com,47803.20
79184bae-9677-45cb-8aa5-a8ab222b20e2,UOXAw,Lynni,uoxaw.lynni@mail.com,70746.39
fa21c900-4528-405e-b160-b03fdeb24dc2,dURfl,JdLnG,durfl.jdlng@mail.com,62537.37
08a6efad-625a-4011-97b1-75fc2fcfad0c,dkDbs,ijVFq,dkdbs.ijvfq@mail.com,66692.52
d5849cda-87f2-4658-9296-ddcd5529eef0,uCOin,JHEIJ,ucoin.jheij@mail.com,46024.83
328444c4-d758-498a-9ce4-42e3375abcfa,HjCqL,Hahhc,hjcql.hahhc@mail.com,59033.76
673c10da-ede3-45bb-8275-c849504fcc4c,EPsQu,YEruV,epsqu.yeruv@mail.com,114455.97
f39dfa4a-77f2-4ace-83b7-706bc5d6af5b,xBwZG,mKHdV,xbwzg.mkhdv@mail.com,65970.68
e54b52f2-4567-4e21-921f-19b5c06f519c,seywu,XnJlk,seywu.xnjlk@mail.com,81294.14
7be2c56b-8a9c-40e1-b60e-ccd354a9d769,BngXR,VoUoH,bngxr.vouoh@mail.com,100176.02
773b2e96-cb23-4007-bf64-fb467031d013,fodUq,AtZRF,foduq.atzrf@mail.com,108294.44
3b1fd6ca-0864-43fd-810b-28de8bf5a6f5,PLUWy,BZftI,pluwy.bzfti@mail.com,44860.52
40146625-72f3-4b3f-a1e5-4febec3477fb,BwLmt,TmCwE,bwlmt.tmcwe@mail.com,60960.65
184cccc0-2d45-4f9c-b2ae-f3545defde7d,OVQzb,GbZqc,ovqzb.gbzqc@mail.com,73476.27
ac002fdf-b481-4a31-8a3f-f5b7832066a2,twBUM,lcIPR,twbum.lcipr@mail.com,101246.92
9dccf508-6406-414d-a7b8-70ffb46ba753,QBpon,sAkJY,qbpon.sakjy@mail.com,69125.10
d2b7fc92-dcb1-474f-9bc8-18254babcaa5,vvybG,rMIPE,vvybg.rmipe@mail.com,51496.62
be1fbae7-cafe-4622-8b9b-871ddb1e070b,NSosU,enzUz,nsosu.enzuz@mail.com,54316.25
fdefe91c-4a76-4bef-8184-f16ac855a70e,RGGVX,VuGUs,rggvx.vugus@mail.com,99571.20
4fea12ed-2c7d-4371-b61c-635d5dc18988,IwvUL,GYAfa,iwvul.gyafa@mail.com,102465.39
9828c3fe-5dd3-4b42-89f6-bf361b5e0eca,fDwaM,JheWy,fdwam.jhewy@mail.com,117912.88
4d5d482b-b942-46e4-afd5-3b8d32e0b9bf,fSdQL,Qfeob,fsdql.qfeob@mail.com,112563.13
bcbf357a-7562-4c65-af2d-de22a207575d,ppNFZ,ipahm,ppnfz.ipahm@mail.com,103800.56
cb0201e3-0080-475b-b1db-d42f7ab3d706,INXIF,QaLGY,inxif.qalgy@mail.com,114612.40
6505d215-fc0b-4fb3-a080-65019f640813,yIVdR,JhRvB,yivdr.jhrvb@mail.com,110378.47
c90267b9-6d06-4438-9603-e295dde5e52f,ndzTm,OZZGb,ndztm.ozzgb@mail.com,75964.13
9e26804f-dd10-4281-8ec6-c70ed7b710da,wLDGF,YHtPP,wldgf.yhtpp@mail.com,82106.32
838d5d28-7ff5-45c5-a18f-bfd55615d424,bxajI,aWUxn,bxaji.awuxn@mail.com,32742.24
1ff66de2-bd33-43c9-b787-4b3c50ebdebf,CpIGQ,EAXiC,cpigq.eaxic@mail.com,82466.96
456de0ca-5a48-4321-9c6e-60db51d01705,stLQQ,WwOrm,stlqq.wworm@mail.com,42437.86
39242518-b6ce-49c4-b818-bed2fb3e58aa,Hyawx,Gxima,hyawx.gxima@mail.com,36987.46
db7180b0-dd4e-452d-a532-482120b390e9,dcbeQ,akUtg,dcbeq.akutg@mail.com,91633.20
11256ae7-c127-4377-982c-fe2a441a7fa3,GlOXM,hFagA,gloxm.hfaga@mail.com,97717.17
c3169df4-cd55-458b-a52e-bf8a03fa0f17,wjbnR,zZdpo,wjbnr.zzdpo@mail.com,73731.80
bb31652f-eabd-4c3e-9bd2-cda24a714148,JfCdk,WCsmX,jfcdk.wcsmx@mail.com,100073.62
667fd1a5-8cab-43e9-af02-4024b9965f2f,VmwQG,qiPWT,vmwqg.qipwt@mail.com,85028.11
693fc2c7-0de8-4dd7-aa03-b7d51326378f,qYSlL,BFboU,qysll.bfbou@mail.com,32165.16
3df89f60-a9bc-4597-8886-de66ce635424,copUx,VPony,copux.vpony@mail.com,56941.40
d393e25b-1ce2-44fe-aa06-d1633f20e68f,QEWNS,XrfDF,qewns.xrfdf@mail.com,87354.99
5d76ba12-4f41-49d8-bc22-3ec07ab79e69,BIsia,cuhFI,bisia.cuhfi@mail.com,70681.64
7c1c8754-c586-437f-9d75-164ed4d06ff8,dMoWn,HlSVw,dmown.hlsvw@mail.com,53597.54
a8fd07da-f744-416c-a841-2994b0b0816e,xTwix,aSLNP,xtwix.aslnp@mail.com,34050.58
ded6ffa1-e90c-472f-a61b-5e80b06b61d5,jEZpF,sRGLD,jezpf.srgld@mail.com,36976.42
6af27a47-a08e-4204-917e-53fb5e9f2ffe,mdcIo,koMna,mdcio.komna@mail.com,114323.02
7ac6917f-63a9-4863-a167-f3928b38be15,WZWMU,DFmVY,wzwmu.dfmvy@mail.com,48596.36
97d9b28c-0ca1-48f2-90ce-11cdffae8333,fWaOK,eZbJu,fwaok.ezbju@mail.com,110159.48
3dcb46cd-004b-4584-8eed-9531d37e8114,aEgDb,guWHL,aegdb.guwhl@mail.com,53348.04
02a6130b-7584-4e26-b50e-c595019c7592,ACjUo,ojOZl,acjuo.ojozl@mail.com,72597.35
8993e192-ea2c-4962-8cfa-38815d20ad9f,pzhiI,SNDVz,pzhii.sndvz@mail.com,80731.72
1df2d2d3-ffa8-49e2-ad14-92c1d6d82dfa,bJmaU,LlIHN,bjmau.llihn@mail.com,98274.97